charId,kind,width,height
172,DefineShape3,149,149
345,DefineShape,133,176
348,DefineShape,323,414
349,DefineShape,310,418
350,DefineShape,329,387
351,DefineShape,334,322
352,DefineShape,324,302
355,DefineShape,288,166
367,DefineShape3,149,149
1764,DefineShape,65,22
4238,DefineShape,619,103
4240,DefineShape,104,358
4243,DefineShape3,182,182
4246,DefineShape,262,103
4248,DefineShape4,623,412
4250,DefineShape4,573,317
4252,DefineShape,233,169
4254,DefineShape,31,45
4256,DefineShape,32,45
4259,DefineShape,53,61
4261,DefineShape,21,36
4263,DefineShape,28,28
4265,DefineShape,23,31
4267,DefineShape,11,16
4270,DefineShape,24,54
4272,DefineShape,15,24
4275,DefineShape,18,33
4277,DefineShape,18,28
4280,DefineShape,35,58
4282,DefineShape,10,12
4285,DefineShape3,46,46
4287,DefineShape4,44,29
4288,DefineShape,2,1
4290,DefineShape4,238,287
4343,extra,535,297
4405,extra,275,287