stream_00,This is an emergency alert system broadcast.,这里是紧急警报系统广播。,开场流式音轨 48.33-50.71s
stream_01,This is not a test.,这不是演习。,开场流式音轨 51.39-52.79s
stream_02,"Hello, citizen.",市民您好。,开场流式音轨 58.41-59.25s
stream_03,"Due to unforeseen and unexplained events, the city has been quarantined.",由于发生无法预见、无法解释的事件，本城已实施隔离。,开场流式音轨 59.66-63.52s
stream_04,Please stay home.,请留在家中。,开场流式音轨 64.12-64.86s
stream_05,Lock all your doors and windows.,锁好所有门窗。,开场流式音轨 64.9-67.06s
stream_06,Stay out of sight until further notice.,在另行通知前，不要露面。,开场流式音轨 67.6-69.16s
stream_07,Repeat.,重复一遍。,开场流式音轨 69.68-70.14s
stream_08,It is crucial that you stay in your home and out of sight.,务必留在家中，不要露面。,开场流式音轨 70.38-73.7s
stream_09,"Martial law is now in effect, and anyone trying to exit the city will be shot on sight.",戒严令现已生效，任何试图出城者将被当场击毙。,开场流式音轨 74.3-78.82s
stream_10,This is not an exercise. Stay home until further notice.,这不是演习。在另行通知前，请留在家中。,开场流式音轨 78.9-82.86s
stream_11,This is bad.,情况不妙。,开场流式音轨 92.62-93.92s
stream_12,It's not an isolated case.,这不是孤立病例。,开场流式音轨 100.08-102.76s
stream_13,It just got up and started walking.,它刚刚站起来，接着就开始走了。,开场流式音轨 105.26-107.52s
stream_14,[unit] to base.,……呼叫基地。,开场流式音轨 108.86-109.72s
stream_15,Sector C was already overwhelmed.,C区早就被冲垮了。,开场流式音轨 110.14-111.44s
stream_16,What do you want us to do?,你要我们怎么做？,开场流式音轨 111.88-112.82s
stream_17,"They're freaking dead and still walking, goddammit.",它们他妈的已经死了，还在走，该死的。,开场流式音轨 113.34-115.28s
stream_18,Get a hold of yourself.,你冷静点。,开场流式音轨 115.32-116.28s
stream_19,We're trained to handle anything.,我们受过训练，什么都能应付。,开场流式音轨 116.72-118.58s
stream_20,"What the hell? Walking dead? Shit, I'm not staying here.",搞什么鬼？活死人？妈的，我才不待在这儿。,开场流式音轨 118.83-123.75s
stream_21,Confirmed.,确认。,开场流式音轨 139.69-140.45s
stream_22,What's the status on the undead activity?,亡灵活动的情况如何？,开场流式音轨 141.68-143.34s
stream_23,"The patients are still too high, sir.",长官，感染人数还是太多。,开场流式音轨 144.65-146.39s
stream_24,"Status ETA, 10 seconds.",预计抵达时间，10秒。,开场流式音轨 146.51-148.63s
stream_25,There's a lot of undead movement.,亡灵活动很频繁。,开场流式音轨 160.72-161.48s
