SND_ApproachAlignSoldier01,This is highway unit! Target heading my way and not stopping! Engage and neutralize the target! Don't let him through!,这里是公路小队。目标正朝我这边开来，没有减速。交战并消灭目标。别让他过去。,语音字幕 (DTSound)
SND_ApproachAlignSoldier02,Target is approaching on highway. Intercept and neutralize! Roger that.,目标正沿公路接近。拦截并消灭！收到。,语音字幕 (DTSound)
SND_ApproachAlignSoldier03,Highway unit to base. Target inbound. Adjust your position and engage!,公路小队呼叫基地。目标正在接近。调整位置，准备交战！,语音字幕 (DTSound)
SND_ApproachAlignSoldier04,"Highway unit 12, you are to intercept your target at all costs. Roger that. I'll move and shoot. Over.",公路12号，不惜一切代价拦截你的目标。收到。我会边移动边射击。完毕。,语音字幕 (DTSound)
SND_ApproachBombSoldier01,Highway unit to base. Explosives are ready to detonate. Destroy that vehicle! Over!,公路小队呼叫基地。炸药已就位。摧毁那辆车！完毕！,语音字幕 (DTSound)
SND_ApproachBombSoldier02,"Base to Bomb Unit 5, you must stop this vehicle. Explosives are in place! Target is coming!",基地呼叫爆破5号，必须拦下这辆车。炸药已布置好！目标来了！,语音字幕 (DTSound)
SND_ApproachBombSoldier03,"Sir, I'm in position. Explosives are a go. Blow him up, soldier! Will do.",长官，我已就位。炸药可以引爆。把他炸上天，士兵！明白。,语音字幕 (DTSound)
SND_ApproachBombSoldier04,"Base to B unit, are you done setting up the charges? Yes, sir! I can see the target! I'm ready!",基地呼叫B小队，炸药布置完了吗？是，长官！我看到目标了！我准备好了！,语音字幕 (DTSound)
SND_ApproachHiddenSoldier01,Unit 7 to Base. I'm behind cover and awaiting target. Proceed with caution. Don't let him see you.,7号呼叫基地。我在掩体后等待目标。小心行动！别让他看见你！,语音字幕 (DTSound)
SND_ApproachHiddenSoldier02,"Sir, the target can't see me. I'm about to engage. Roger that. Use the element of surprise. Over.",长官，目标看不见我。我准备交战。收到。利用出其不意。完毕。,语音字幕 (DTSound)
SND_ApproachHiddenSoldier03,"Base to highway units, stay hidden. Prepare to engage. Affirmative. Target is approaching.",基地呼叫公路小队，保持隐蔽。准备交战。收到。目标正在接近。,语音字幕 (DTSound)
SND_ApproachHiddenSoldier04,"Sir, he's coming! What are your orders? Stay behind cover. Engage as he passes. Got it!",长官，他来了！有什么命令？留在掩体后。等他经过时开火。明白！,语音字幕 (DTSound)
SND_ApproachSpikeSoldier01,Update on highway target requested. Spike strip deployed. Target approaching. Roger that. You must stop this vehicle.,请求公路目标的最新情况。钉刺带已部署。目标正在接近。收到。必须拦下这辆车。,语音字幕 (DTSound)
SND_ApproachSpikeSoldier02,"Sir, spikes are ready! Roger that! Stop your target!",长官，钉刺已就绪！收到！拦下你的目标！,语音字幕 (DTSound)
SND_ApproachSpikeSoldier03,Spikes unit to base. Target coming my way. Blow his tires! Stop him! Over!,钉刺小队呼叫基地。目标朝我来了。打爆他的轮胎！拦住他！完毕！,语音字幕 (DTSound)
SND_ApproachSpikeSoldier04,"Highway unit 9. Is the spike strip deployed? Yes, sir! Target is approaching! You must stop that car, soldier! Yes, sir!",这里是公路9号。钉刺带部署好了吗？是，长官！目标正在接近！必须拦下那辆车，士兵！是，长官！,语音字幕 (DTSound)
SND_ApproachStationarySoldier01,Target is in my sights! Your orders are to shoot him down!,目标进入我的瞄准镜！命令是把他打下来！,语音字幕 (DTSound)
SND_ApproachStationarySoldier02,Target is heading my way! Shoot that bastard!,目标正朝我这边来！打死那混蛋！,语音字幕 (DTSound)
SND_ApproachStationarySoldier03,Here he comes! Light 'em up!,他来了！朝他开火！,语音字幕 (DTSound)
SND_ApproachStationarySoldier04,I see him! Shoot that bastard!,我看到他了！打死那混蛋！,语音字幕 (DTSound)
SND_ApproachStationarySoldier05,Target in sight. Orders? What do you think?! KILL HIM!,目标进入视野。什么命令？你说呢？！杀了他！,语音字幕 (DTSound)
SND_CheckPoint0Post,"Dispatch, give me a report on the highway checkpoint points. All highway units are in position. Traffic has stopped and the city exits are secured. Roger that. Over.",调度中心，汇报公路检查站的位置。所有公路小队均已就位。车流已截停，出城路口已封锁。收到。完毕。,语音字幕 (DTSound)
SND_CheckPoint10Post,"Phantom Eagle to Base, approaching the drop zone. Roger that. Unit 16 to Base! We're currently holed up in the shopping mall. Can we get a transport out of here? Unit 16. Your transport will be there in. five minutes. Just keep those people safe until then. Sir, there's a lot of civilian and personnel on the ground in the city. We can't do this. We can and we are gonna do this. If this virus or whatever it is spreads, we could lose the whole country. The entire world! They will be a fair sacrifice. Over. Checkpoint 9 to Base! We missed our transport and are heading to the Iache River on foot. We'll be there in about ten minutes. Good man. You make me proud. Carry on. Phantom Eagle to Base, target in sight. God forgive us.",幻影鹰呼叫基地，正在接近投放点。收到。16号呼叫基地，我们目前被困在购物中心。能派架运输机把我们撤出去吗？16号，运输机五分钟后到。在那之前，保护好那些人。长官，城里的地面上有大量平民和人员。我们不能这么做。我们能，而且我们必须这么做。如果这种病毒——不管它是什么——扩散开，我们会失去整个国家，整个……世界。他们将是值得的牺牲。完毕。9号检查站呼叫基地。我们错过了运输机，正徒步前往艾奇河。大约十分钟后到。好样的。你让我感到骄傲。继续。幻影鹰呼叫基地。目标已进入视野。愿上帝宽恕我们。,语音字幕 (DTSound)
SND_CheckPoint10Pre,"Sherman to Phantom Eagle. We have the President's approval. You are go for the drop. I repeat, you are go for the drop. Affirmative. Nuclear head armed, ready to drop. Heading to target, over. Sir, all transports are on ground. We're evacuating the riverbank. Roger that. Do it fast. We're pulling out, now.",谢尔曼呼叫幻影鹰。总统已批准。你可以执行投放了。重复，你可以执行投放了。收到。核弹头已解除保险，准备投放。正飞往目标，完毕。长官，所有运输机都已着陆。我们正在撤离河岸。收到。动作要快。我们现在就撤。,语音字幕 (DTSound)
SND_CheckPoint1Post,"Checkpoint to Base! We're unable to stop our target! It's continuing its run on Highway 65! You couldn't stop a single car. Give me a visual report! Sorry, sir. We're low on personnel here. The target is driving a black sports car with tinted glass. The driver's visual is still unknown. To all checkpoints on Highway 65, we have a moving black sports car. It must be stopped! Stay alert. Outpost 7 to Base! We're facing a massive crowd of undead here! We're holding but we might have to pull back if more show up! Maintain your position. They're dead and slow for Christ's sake. Just kill 'em all! They're hard to kill, sir! Just do your job. Yes, sir!",检查站呼叫基地。我们拦不住目标。它正继续沿65号公路前进。你们连一辆车都拦不住。给我一份目视报告。抱歉，长官。我们这里人手不足。目标驾驶一辆黑色跑车，车窗贴膜。司机的相貌仍不明确。65号公路各检查站注意。有一辆行驶中的黑色跑车。必须截停它。保持警戒。7号哨所呼叫基地。我们这边正面对一大群亡灵。我们顶得住，但如果再来更多，可能得后撤。守住你们的位置。看在上帝份上，它们又慢又是死的。把它们全杀光就是了。长官，它们很难杀死。做好你的事就行。是，长官！,语音字幕 (DTSound)
SND_CheckPoint1Pre,Checkpoint to base! We have a moving vehicle headed our way! Neutralize the vehicle! The driver could be infected or even dead for all we know! Roger that!,检查站呼叫基地！有一辆车正朝我们开来！消灭这辆车！据我们所知，司机可能已经感染，甚至已经死了！收到！,语音字幕 (DTSound)
SND_CheckPoint2Post,"Checkpoint to Base. Uh... the target is still going. Are you kidding me?! Maintain your position. The next checkpoint will handle him. To all ground troops on Highway 65, you are to intercept and shoot down the target. Over. Outpost 10. I need a sit rep. We're holding, but damn, there's a lot of them. Hold on. There's a LOT of them! We're almost surrounded! If they cover our east front, we're in trouble! Hang in there. Outpost 7, what's your status? We were overrun minutes ago. We're still on the move to South Square Park to make stand there. We're killing them, but more keep coming! Roger that. Don't lose South Square Park. Over.",检查站呼叫基地。呃，目标还在跑。你在逗我吗？！守住你的位置。下一个检查站会收拾他。65号公路所有地面部队注意，拦截并击毁目标。完毕。10号哨所，汇报情况。我们顶得住，但该死的，这儿实在太多了。等等。它们太多了！我们快被包围了！如果它们包抄我们的东面，我们就完了！撑住。7号哨所，你那边情况如何？我们几分钟前就被冲垮了。我们正在向南广场公园转移，准备在那里死守。我们在杀它们，但更多还在涌来！收到。别丢了南广场公园。完毕。,语音字幕 (DTSound)
SND_CheckPoint2Pre,Checkpoint to base. We confirm a black car coming our way. Orders are to take him out? Affirmative.,检查站呼叫基地。确认有一辆黑车朝我们开来。命令是干掉他吗？确认。,语音字幕 (DTSound)
SND_CheckPoint3Post,"Target has been identified as John Creasman, a local mechanic. Has a prior history of disorderly conduct. Nothing special. He's a freaking nobody. He's obviously trying to reach the tunnel to exit the city. We can't let that happen. Nobody gets out of the quarantined area. Base to Highway 65 personnel. Use spike strips to stop him. Over.",目标已确认为约翰·克里斯曼，本地机修工。有扰乱治安的前科。没什么特别的。他就是个无名小卒。他显然是想穿过隧道出城。我们不能让这种事发生。谁都不能离开隔离区。基地呼叫65号公路全体人员。用钉刺带拦住他。完毕。,语音字幕 (DTSound)
SND_CheckPoint3Pre,"Sir, the target is approaching. We have a visual on his front plate. Sending the data your way. Over. Data received. Over.",长官，目标正在接近。我们看清了他的前车牌。正把数据发给你。完毕。数据已收到。完毕。,语音字幕 (DTSound)
SND_CheckPoint4Post,"Uh, it's a negative, sir. Target's still going. This is a bad joke! Damn it! Base to Hellfire. Change your course and head towards Highway 65. We have a civilian on the run. He must be stopped. Affirmative. Heading towards Highway 65 now. Over. To all highway units, dispatch some men behind cars and try using the element of surprise to stop the target. Sir, we have reports that 12 of our forward posts were completely overrun in the last 10 minutes. Where are the troops now? Scattered. Trying to regroup, sir. Damn it. Uh, have them fall back and, uh, regroup northwest near the Brighton Bridge. Yes, sir.",呃，报告长官，没拦住。目标还在跑。这简直是个烂玩笑！该死的！幻影鹰，改变航向，前往65号公路。有个平民在逃。必须截停他。收到。现在转向65号公路。完毕。65号公路所有单位注意，派几个人埋伏在车辆后面，试着用突袭的方式截停目标。长官，有报告说我们过去10分钟里有12个前沿哨所被彻底冲垮了。部队现在在哪？被打散了。正在重新集结，长官。该死的。呃，让他们后撤，呃，在布莱顿桥西北方向重新集结。是，长官。,语音字幕 (DTSound)
SND_CheckPoint4Pre,"Base to Checkpoint 4! Stop this prick, will ya?! We'll try, sir!",基地呼叫4号检查站！拦住这混蛋，行吗？！我们尽量，长官！,语音字幕 (DTSound)
SND_CheckPoint5Post,"Sir, our fences are down! Zombies are marching in! I can't! We can't hold them! Hey, watch out behind! Come in, Checkpoint 5. Checkpoint 5. Shit. Base to Highway 65 units. Bring in the bomb squads. If this John Creasman gets out, this could mean a statewide epidemic. We have to stop him. Yes, sir! He's not the first jackass to try to get out. We'll blow him to pieces. Over. Unit 11 to base! Brighton Bridge is completely overrun! We need a new fallback position, now! Uh, set up a defense at the Chinatown Plaza! Sir? We just came from there! Uh, goddammit! Just move north! Just move freaking north! Yes, sir!",长官，我们的栅栏倒了！僵尸正涌进来！我顶不住！我们守不住了！嘿，小心背后！5号检查站，请回答。5号检查站。妈的。基地呼叫65号公路各单位。把爆破小组调上来。如果这个约翰·克里斯曼跑出去，可能引发全州范围的疫情。我们必须拦住他。是，长官！他不是第一个想跑出去的蠢货。我们会把他炸成碎片。完毕。11号呼叫基地！布莱顿桥已被彻底冲垮！我们需要新的后撤点，马上！呃，在唐人街广场设防！长官？我们刚从那儿过来！呃，该死的！那就往北撤！他妈的往北撤！是，长官！,语音字幕 (DTSound)
SND_CheckPoint5Pre,"Checkpoint 5 to Base! We have a problem here! We're facing a lot of deadheads. Our fences are holding but if that Creasman guy runs them over, we're in deep shit! It's your job to stop this freaking car, soldier! Do not let him pass! Do not let the zombies through! You hear me? Uh, yes! Yes, sir!",5号检查站呼叫基地！我们这边出问题了！我们正面对一大堆行尸。栅栏还撑得住，但如果那个克里斯曼开车碾过去，我们就死定了！拦住这该死的车是你的职责，士兵！别让他过去！别让僵尸穿过这里！听到了吗？呃，是！是，长官！,语音字幕 (DTSound)
SND_CheckPoint6Post,"Attention, all troops. This is General Sherman. I am taking command of this operation. We're facing an enemy like we've never seen before. But keep your heads cool, and we're gonna get through. Now follow my orders carefully. All ground personnel are to converge to a defensive line along the Iache River. Our backs to the water, we'll make a final stand, in one single direction. We also have reports that some zombies have mutated. Be aware they are very strong and should be avoided at all costs.",全体部队注意。我是谢尔曼将军。从现在起由我指挥这次行动。我们面对的是前所未有的敌人。但保持冷静，我们会挺过去。现在仔细听我的命令。所有地面人员向艾奇河沿岸的防线集结。背水列阵，朝同一个方向做最后的死守。另外有报告称部分僵尸发生了变异。注意，它们非常强壮，务必不惜一切代价避开。,语音字幕 (DTSound)
SND_CheckPoint6Pre,"Checkpoint to Base! We're in trouble here! We need orders! Maintain current strategy. We're about to be overrun. Current strategy is shit! I repeat, maintain current strategy. What?! What the hell is going on?!",检查站呼叫基地。我们这边出问题了。请指示。维持现有策略。我们快要被冲垮了。现有策略是一坨屎。重复，维持现有策略。什么？到底他妈的在搞什么？,语音字幕 (DTSound)
SND_CheckPoint7Post,"Checkpoint 7 to base. The target has gone beyond our checkpoint, but now we're overrun by zombies! We're moving out! Fall back to the Iache River with the other units. Now! Yes, sir! General Sherman to air support. Head over to Highway 65 for a carpet bombing on the target's location. Roger that. Unit 5 to base. We're currently sieged by a huge crowd of zombies. We'll try to circle around the river, but we've lost a lot of men. Unit 5, don't fight them. Just get your ass to the river. ASAP. Yes, sir.",7号检查站呼叫基地。目标已经越过我们的检查站，但现在我们被僵尸冲垮了！我们要撤了！跟其他部队一起撤到艾奇河。马上！是，长官！谢尔曼将军呼叫空中支援。前往65号公路，对目标所在位置实施地毯式轰炸。收到。5号呼叫基地。我们正被一大群僵尸围攻。我们会试着绕过河边，但已经损失惨重。75号，别跟它们纠缠。用最快的速度撤到河边。是，长官。,语音字幕 (DTSound)
SND_CheckPoint7Pre,"Checkpoint 7 to Base. We have the highway target approaching. What are your orders? Let him through. Sir? Let. Him. Through. I have a surprise for him. Yes, sir!",7号检查站呼叫基地。公路目标正在接近。有什么命令？放他过去。长官？放。他。过去。我给他准备了个惊喜。是，长官！,语音字幕 (DTSound)
SND_CheckPoint8Post,"Sir, he got through. Sorry, sir. It's okay, son. To all Highway 65 personnel, prepare for a pullout. Sherman to Dispatch, send transports to all the highway checkpoints. Yes, sir. Hellfire units, arm your air-to-ground missiles and keep pursuing the target. Over. Affirmative.",长官，他冲过去了。抱歉，长官。没关系，孩子。65号公路全体人员注意，准备撤离。终止调度。派运输车前往各个公路检查站。是，长官。地狱火小队，装填空对地导弹，继续追击目标。完毕。收到。,语音字幕 (DTSound)
SND_CheckPoint8Pre,"Sherman to Checkpoint 8, you are our last ground effort to stop John Creasman. Do your greatest. Sir, yes sir!",谢尔曼呼叫8号检查站，你们是我们拦截约翰·克里斯曼的最后一道防线。全力以赴。是，长官！,语音字幕 (DTSound)
SND_CheckPoint9Post,"Dispatch, send all transport choppers to the Iache River bank. We're evacuating the area. Yes, sir. Phantom Eagle, what is your position? Phantom Eagle to base, I'm currently at 64.7 and 32.4, heading to 79, over. Roger that. Maintain current course, over. Sir, we're at the Iache River. There are literally millions of zed heads slowly coming our way, but we're holding up for now. I see the transports coming. Hold position, and don't start evacuating until all the transports have landed. We'll need a synchronized retreat. Yes, sir!",调度中心，把所有运输直升机派到艾奇河岸边。我们要撤离这一区域。是，长官。幻影鹰，你的位置在哪？幻影鹰呼叫基地，我目前在64.7和32.4，正飞往79，完毕。收到。保持当前航向，完毕。长官，我们到了艾奇河。有成百上千万的行尸正慢慢朝我们过来，不过目前我们还撑得住。我看到运输机来了。守住位置，在所有运输机降落之前不要开始撤离。我们需要同步撤退。是，长官！,语音字幕 (DTSound)
SND_CheckPoint9Pre,"General, sir, we're going to try and stop Creasman. What the hell are you still doing there? We're pulling out! Sir, we'll complete the mission. Good man. Do it and then get your ass to the Iache River ASAP! Sir, yes sir!",将军，长官，我们打算试着拦住克里斯曼。你还待在那儿干什么？我们要撤了！长官，我们会完成任务。好样的。干完就立刻滚去艾奇河！是，长官！,语音字幕 (DTSound)
SND_FailStringer_1_V4,,,语音字幕 (DTSound)
SND_FemaleCivilianPlea06,"Somebody! Please, help us!",来人啊！求求你们，救救我们！,语音字幕 (DTSound)
SND_FemaleCivilianPlea07,I gotta get out of here!,我得离开这儿！,语音字幕 (DTSound)
SND_FemaleCivilianPlea08,They're trying to kill me!,它们想杀了我！,语音字幕 (DTSound)
SND_FemaleCivilianPlea09,I must be dreaming! I must be dreaming!,我一定是在做梦！我一定是在做梦！,语音字幕 (DTSound)
SND_FemaleCivilianPlea10,This ain't happening!,这不可能发生！,语音字幕 (DTSound)
SND_FemaleCivilianPlea11,I ain't done nothing wrong!,我什么都没做错！,语音字幕 (DTSound)
SND_FemaleCivilianPlea12,They're trying to kill me!,它们想杀了我！,语音字幕 (DTSound)
SND_FemaleCivilianPlea13,God help us!,上帝救救我们！,语音字幕 (DTSound)
SND_FemaleCivilianPlea15,This is the end of the world!,这是世界末日！,语音字幕 (DTSound)
SND_FemaleCivilianPlea17,"Please! Somebody help me! Oh, god!",求求你们！谁来帮帮我！哦，天哪！,语音字幕 (DTSound)
SND_FemaleCivilianPlea18,"Please, stop! Help me!",求你了，停下！救救我！,语音字幕 (DTSound)
SND_FemaleCivilianPlea19,They ate my baby! My baby!,它们吃了我的孩子！我的孩子！,语音字幕 (DTSound)
SND_GarageChatter01,"We're taking heavy losses at the West Ridge! We're sending backup right away. What's your exact position? Uh... G32, E51! Roger that, sending backup now!",我们在西岭方向损失惨重。我们马上派增援过去。你的确切位置在哪？呃，G32，E51！收到。增援马上出发。,语音字幕 (DTSound)
SND_GarageChatter02,Base is secure. Requesting orders. Maintain position.,基地安全。请求指示。维持位置。,语音字幕 (DTSound)
SND_GarageChatter03,Base to 4-Base-Delta. Relocate south front. Roger that! Relocating now!,基地呼叫4号三角洲基地。转移到南面战线。收到！现在转移！,语音字幕 (DTSound)
SND_GarageChatter04,"Unit 8 to Base! We need artillery fire on Northside Park now! Negative, Unit 8. Our artillery has been proven ineffective against the undead. Maintain current strategy.",8号呼叫基地！我们需要炮火支援，炮击北区公园，马上！不行，8号。炮火对亡灵已被证明无效。维持现有策略。,语音字幕 (DTSound)
SND_GarageChatter05,"WE HAVE HUNDREDS OF CIVILIANS REQUESTING TO LEAVE THE CHECKPOINT! PERMISSION TO- Permission denied. Secure position, no one gets out. BUT SIR! THE HORDES ARE CLOSING IN AND- Oh, God! Secure the position! No one leaves, you understand? Your orders are to neutralize the civilians! YES SIR! FIRE! FIRE!",有几百名平民要求离开检查站！请求许可离开！驳回。守住位置，谁都不许出去。可是长官！尸群正在逼近，而且……哦，天哪！守住阵地！谁都不许走，明白吗？你的命令是处决那些平民！是，长官！开火！开火！,语音字幕 (DTSound)
SND_GarageChatter06,"Unit 4, you are to begin neutralizing civilians at your checkpoint. Over. Orders received.",4号，你负责开始处决你检查站的平民。完毕。命令收到。,语音字幕 (DTSound)
SND_GarageChatter07,Unit 10 to Base! We're surrounded on the East Site factory! Requesting airlift out! Over! Denied. Secure position and await orders. Requesting airlift ASAP! THEY'RE GETTING IN WE-!,10号呼叫基地！我们在东区工厂被包围了！请求空运撤离！完毕！驳回。守住阵地等待命令。紧急请求空运！它们挤进来了，我们——！,语音字幕 (DTSound)
SND_GarageChatter08,"Approaching area Delta Tango. The rabbit is almost in the hole. Are you out of your mind? Forget the freaking codes, son! We're fighting dead people. Uh, sorry, sir.",正接近三角洲探戈区域。兔子快进洞了。你脑子进水了吗？别管那些该死的代号了，孩子！我们在跟死人打仗。呃，抱歉，长官。,语音字幕 (DTSound)
SND_GarageChatter09,"We need backup! This is Unit 12 on Burgony Street! Our humvee has turned over to our- we're surrounded! Agh! Shit! Please repeat that, Unit 12! What is your position? Oh my god! Ah, shit! They're attracted out on me-! Unit 12! Unit 12! Please respond!",我们需要支援！这里是勃艮第街的12号！我们的悍马翻了，我们被……包围了！啊！妈的！12号，请重复！你的位置在哪？我的天哪！啊，妈的！它们被我吸引过来了！12号！12号！请回答！,语音字幕 (DTSound)
SND_GarageChatter10,"This is Unit 9! We have a bitten civilian, requesting aid! Permission to assist! Denied. Neutralize civilian and burn the corpse, over. Orders received.",这里是9号！有一名平民被咬伤，请求支援！请求协助！驳回。处决该平民并焚烧尸体，完毕。命令收到。,语音字幕 (DTSound)
SND_GarageChatter11,"Highway sweep's in progress. Spike strips have been installed, all traffic has been stopped. Roger that. Carry on!",公路清扫进行中。钉刺带已安装。所有交通已被截停。收到。继续。,语音字幕 (DTSound)
SND_GarageChatter12,Yeah! Light those fuckers up! Woo! Nice shooting! Cut the chatter.,好耶！把那帮混蛋打成筛子！呜！射得漂亮！别废话了。,语音字幕 (DTSound)
SND_GarageChatter13,"Base to Phantom Eagle. Is the load ready and hot for a drop? Phantom Eagle to Base. Affirmative. Circling the city, awaiting the order. Let's pray we don't need to give this order. Over. Affirmative. Over.",基地呼叫幻影鹰。载荷是否已准备好、可以投放？幻影鹰呼叫基地。确认。正在城市上空盘旋，等待命令。祈祷我们不需要下达这道命令。完毕。收到。完毕。,语音字幕 (DTSound)
SND_GarageChatter14,"Central Plaza is completely overrun! We need to pull back everybody! Pull back from Central, now! Denied! You are to hold position! They're killing everyone! It's all over! We've lost Central, I repeat, we have lost Central!",中央广场已被彻底冲垮！我们得把所有的人都撤回来！现在从中央撤回来！驳回。你们要守住阵地。它们在杀所有人！全完了！我们丢了中央广场！重复，我们丢了中央广场！,语音字幕 (DTSound)
SND_GarageChatter15,"Road Unit 3, why aren't you at your position yet? The road is filled with debris and vehicles. We're having problems getting the convoy through. Get your ass to your designated position ASAP! Sir, yes sir!",公路3号，你怎么还没到位？路上全是残骸和车辆。我们的车队过不去。立刻滚到你的指定位置去！是，长官！,语音字幕 (DTSound)
SND_GarageChatter16,"This is Unit 17! The zeds are spilling through the barricades! Our position is completely compromised! Over! Pull back to Sector 11. And hold position, Unit 17. Orders received! We are pulling back!",这里是17号！行尸正从路障间涌进来！我们的阵地完全失守了！完毕！撤回11区守住位置，17号！命令收到！我们正在后撤！,语音字幕 (DTSound)
SND_GarageChatter17,"Unit 5, we need a status report. There's a lot of them, but- but we're holding! Keep me posted. Will do!",5号，我们需要一份情况报告！它们很多，但我们顶得住！随时向我汇报！明白！,语音字幕 (DTSound)
SND_GarageChatter18,Initiating carpet bombing on all designated targets. Over. Acknowledged.,开始对所有指定目标实施地毯式轰炸。完毕。明白。,语音字幕 (DTSound)
SND_GarageChatter19,"Base to Air Unit 6, visual feed requested. Visual feed going online in 3, 2, 1. Visual feed is up. Over. Data received. Over.",基地呼叫空中6号，请求视频信号。视频信号将在3、2、1后接入。视频信号已接通。完毕。数据已收到。完毕。,语音字幕 (DTSound)
SND_GarageChatter20,"This is Unit 19 on Rikers Street, requesting new supplies. There's too many of them! Request received, Unit 19. Supplies are en route.",这里是赖克斯街的19号，请求新的补给。它们太多了！请求已收到，19号。补给正在运送途中。,语音字幕 (DTSound)
SND_HelicopterBrokenAlert,,,语音字幕 (DTSound)
SND_HelicopterDefeated01,This is Hellfire. My chopper is heavily damaged. I must abort. Return to base immediately. Over.,这里是地狱火。我的直升机受损严重。我必须撤离。立即返回基地。完毕。,语音字幕 (DTSound)
SND_HelicopterDefeated02,Hellfire to base! We've taken heavy damage! Retreating for emergency landing! Roger that. Proceed to east side base.,地狱火呼叫基地！我们受损严重！正在撤退，准备紧急降落！收到。前往东侧基地。,语音字幕 (DTSound)
SND_HelicopterDispatch01,Base to Hellfire. Engage target. Take him down! Roger that. Engaging target.,基地呼叫地狱火。与目标交战。把他干掉！收到。正在交战。,语音字幕 (DTSound)
SND_HelicopterDispatch02,This is Hellfire. I've spotted the target heading up Highway 65. Permission to engage the target. Over. Permission granted. Engage the target. Over.,这里是地狱火。我发现目标正沿65号公路前进。请求准许与目标交战。完毕。准许。与目标交战。完毕。,语音字幕 (DTSound)
SND_HelicopterMissileRequest01,Hellfire to base! I request permission to use air-to-ground missiles! Granted. Over.,地狱火呼叫基地！请求准许使用空对地导弹！准许。完毕。,语音字幕 (DTSound)
SND_HelicopterMissileRequest02,"Base to Hellfire, take the target down now! You have permission to use air-to-ground missiles. Affirmative. Over.",基地呼叫地狱火，立刻干掉你的目标。准许你使用空对地导弹。收到。完毕。,语音字幕 (DTSound)
SND_HelicopterWarning01,This is futile! Your escape attempt will get you killed!,这是徒劳的！你逃跑只会送命！,语音字幕 (DTSound)
SND_HelicopterWarning02,YOU CANNOT EXIT THE CITY!,你出不了这座城！,语音字幕 (DTSound)
SND_HelicopterWarning03,"Stop, or your vehicle will be destroyed!",停车，否则你的车将被摧毁！,语音字幕 (DTSound)
SND_HelicopterWarning04,Stop or your vehicle will be destroyed!,停车，否则你的车将被摧毁！,语音字幕 (DTSound)
SND_HelicopterWarning05,Stop now! This is a matter of national security!,马上停车！这是国家安全事件！,语音字幕 (DTSound)
SND_HelicopterWarning06,There's no way out. Stop and surrender!,你无路可逃。停车投降！,语音字幕 (DTSound)
SND_HelicopterWarning07,STOP YOUR CAR NOW!,马上把你的车停下！,语音字幕 (DTSound)
SND_HelicopterWarning08,The city is quarantined. You can't leave.,全城已隔离。你出不去。,语音字幕 (DTSound)
SND_HelicopterWarning09,Stop your vehicle immediately!,立刻停车！,语音字幕 (DTSound)
SND_JetDispatch01,Base to Air Support. Highway target is not stopping. We need a carpet bombing on his location. Affirmative. Approaching target.,基地呼叫空中支援。公路目标没有停车。我们需要对他的位置实施地毯式轰炸。收到。正接近目标。,语音字幕 (DTSound)
SND_JetDispatch02,This is air support approaching drop zone. Permission to engage. Over. Permission granted. Engage.,这里是空中支援，正接近投放区。请求准许交战。完毕。准许。交战。,语音字幕 (DTSound)
SND_JetHit01,"Target hit, but not neutralized. Roger that. Return to base for refueling.",命中目标，但未消灭。收到。返回基地补给。,语音字幕 (DTSound)
SND_JetHit02,It's a hit! It's a hit! Target is still going though. That should slow him down. Let the ground units handle the rest. Return to base.,命中了！命中了！不过目标还在跑。这应该能让他慢下来。剩下的交给地面部队。返回基地。,语音字幕 (DTSound)
SND_JetMissAndLeave01,"Target missed. I repeat, target missed. I'm. out of ammo. Dammit! Return to base. Over.",未命中目标。重复，未命中目标。我没弹药了。该死的！返回基地。完毕。,语音字幕 (DTSound)
SND_JetMissAndLeave02,Air support to base. I missed. Come back to base for a refuel. Roger that.,空中支援呼叫基地。我脱靶了。回基地补给。收到。,语音字幕 (DTSound)
SND_JetMissAndRepeat01,That's a miss. Target still going. Circle around and hit him again. Roger that.,脱靶。目标还在跑。绕一圈再打他一次。收到。,语音字幕 (DTSound)
SND_JetMissAndRepeat02,"No hit sir. Target is alive. Hit him once more! NOW! Yes, sir!",没打中，长官。目标还活着。再打他一次，马上！是，长官！,语音字幕 (DTSound)
SND_JetMissAndRepeat03,"Need a sit rep! Target missed, sir. Hit 'em again! Affirmative.",我需要一份情况报告。脱靶了，长官。再打他一次。收到。,语音字幕 (DTSound)
SND_JetPassBy,,,语音字幕 (DTSound)
SND_JohnSoldierGetOff01,YAH!,,语音字幕 (DTSound)
SND_JohnSoldierGetOff02,NO!,不！,语音字幕 (DTSound)
SND_JohnSoldierGetOff03,AHHHHH!,,语音字幕 (DTSound)
SND_JohnSoldierGetOff04,FUUUUUUUUUUUUUUUUUUUUUUU,,语音字幕 (DTSound)
SND_JohnSoldierThreat01,You're gonna get us all killed!,你会把我们全害死的！,语音字幕 (DTSound)
SND_JohnSoldierThreat02,YOU ARE GONNA DIE!,你死定了！,语音字幕 (DTSound)
SND_JohnSoldierThreat03,Pull over!,靠边停车！,语音字幕 (DTSound)
SND_JohnSoldierThreat04,STOP! STOP NOW!,停下！马上停下！,语音字幕 (DTSound)
SND_JohnSoldierThreat05,You're a dead man!,你是个死人了！,语音字幕 (DTSound)
SND_JohnSoldierThreat06,STOP YOUR CAR NOW!,马上把你的车停下！,语音字幕 (DTSound)
SND_JohnSoldierThreat07,You cannot go further!,你不能再往前了！,语音字幕 (DTSound)
SND_JohnSoldierThreat08,I'll kill you!,我要杀了你！,语音字幕 (DTSound)
SND_JohnSoldierThreat09,Stop your vehicle right now!,立刻停车！,语音字幕 (DTSound)
SND_JohnSoldierThreat10,Stop the car!,停车！,语音字幕 (DTSound)
SND_MaleCivilian01Plea02,"God, stop the car! Let me in! Please!",天哪，停车！让我上去！求你了！,语音字幕 (DTSound)
SND_MaleCivilian01Plea04,Ah! Ahaha! Ahaha!,,语音字幕 (DTSound)
SND_MaleCivilian01Plea05,,,语音字幕 (DTSound)
SND_MaleCivilian02Hit01,BAH!,,语音字幕 (DTSound)
SND_MaleCivilian02Hit02,,,语音字幕 (DTSound)
SND_MaleCivilian02Hit03,Gah!,,语音字幕 (DTSound)
SND_MaleCivilian02Hit04,Fuck!,,语音字幕 (DTSound)
SND_MaleCivilian02Hit05,,,语音字幕 (DTSound)
SND_MaleCivilian02Hit06,BWAH!,,语音字幕 (DTSound)
SND_MaleCivilian02Hit07,Oh,,语音字幕 (DTSound)
SND_MaleCivilian02Hit08,,,语音字幕 (DTSound)
SND_MaleCivilian02Hit09,,,语音字幕 (DTSound)
SND_MaleCivilian02Hit10,,,语音字幕 (DTSound)
SND_MaleCivilian02Plea01,"The world is ending! Oh god, the world is ending!",世界要完了！哦天哪，世界要完了！,语音字幕 (DTSound)
SND_MaleCivilian02Plea02,THEY'RE EVERYWHERE! THEY'RE- THEY'RE EVERYWHERE!,它们到处都是！它们……它们到处都是！,语音字幕 (DTSound)
SND_MaleCivilian02Plea03,THERE'S NO WAY TO RUN! THERE'S NO WAY TO RUN!,没地方跑了！根本没地方跑！,语音字幕 (DTSound)
SND_MaleCivilian02Plea04,They're killing everyone!,它们在杀所有人！,语音字幕 (DTSound)
SND_MaleCivilian02Plea05,I CAN'T FIND MY CAR KEYS! AHHHHH!,我找不到车钥匙了！啊啊啊！,语音字幕 (DTSound)
SND_MaleCivilian02Plea06,They ate my kid!,它们吃了我的孩子！,语音字幕 (DTSound)
SND_MaleCivilian02Plea07,"Holy mother of Jesus, why?!",圣母玛利亚啊，为什么？！,语音字幕 (DTSound)
SND_MaleCivilian02Plea08,OH MY GOD! AHHHHH!,我的天哪！啊啊啊！,语音字幕 (DTSound)
SND_MaleCivilian02Plea09,No! No! No!,不！不！不！,语音字幕 (DTSound)
SND_MaleCivilian02Plea10,,,语音字幕 (DTSound)
SND_MaleCivilian02Plea11,NOOOOOOOOOOOOOOOOOOOOO!!!,,语音字幕 (DTSound)
SND_MaleCivilian02Plea12,They got Barbara!,它们抓走了芭芭拉！,语音字幕 (DTSound)
SND_MaleCivilian02Plea13,There's too many of them! We'll never survive!,它们太多了！我们活不下去了！,语音字幕 (DTSound)
SND_MaleCivilian02Plea14,"They're coming! Please stop! Pick me up, please!",它们来了！求你停车！载上我吧，求你了！,语音字幕 (DTSound)
SND_MaleCivilian02Plea15,My wife and family are dead! They're dead!,我的妻子和家人都死了！他们都死了！,语音字幕 (DTSound)
SND_MaleCivilian02Plea16,They're shooting everyone! They won't let anyone to leave!,他们在向所有人开枪！他们不让任何人离开！,语音字幕 (DTSound)
SND_MaleCivilian02Plea17,DON'T LET THEM KILL US! NO!,别让他们杀了我们！不！,语音字幕 (DTSound)
SND_MaleCivilian02Plea18,"No, you can't leave! No, my family will be killed!",不，你不能走！不，我的家人会被杀死的！,语音字幕 (DTSound)
SND_MaleCivilian02Plea19,NO! THEY'LL GET US IF YOU LEAVE US HERE!,不！你把我们丢在这儿，它们会抓到我们的！,语音字幕 (DTSound)
SND_MaleCivilian02Plea20,Stop! Wait! Don't leave without us!,停车！等等！别丢下我们！,语音字幕 (DTSound)
SND_NukeRunCount1,One.,一,语音字幕 (DTSound)
SND_NukeRunCount10,Ten.,十,语音字幕 (DTSound)
SND_NukeRunCount2,Two.,二,语音字幕 (DTSound)
SND_NukeRunCount3,Three.,三,语音字幕 (DTSound)
SND_NukeRunCount4,Four.,四,语音字幕 (DTSound)
SND_NukeRunCount5,Five.,五,语音字幕 (DTSound)
SND_NukeRunCount6,Six.,六,语音字幕 (DTSound)
SND_NukeRunCount7,Seven.,七,语音字幕 (DTSound)
SND_NukeRunCount8,Eight.,八,语音字幕 (DTSound)
SND_NukeRunCount9,Nine.,九,语音字幕 (DTSound)
SND_NukeRunCountStart,Phantom Eagle to base. The drop is airborne. Detonation in...,幻影鹰呼叫基地。投放已开始。引爆倒计时……,语音字幕 (DTSound)
SND_PlayerBlownTires01,"Ah, great! Driving on rails!",啊，好极了！跟开在轨道上一样！,语音字幕 (DTSound)
SND_PlayerBlownTires02,Just grinding metal now.,现在只能靠钢圈蹭着走了。,语音字幕 (DTSound)
SND_PlayerBlownTires03,I can't control this piece of junk!,这堆破铜烂铁我控制不住了！,语音字幕 (DTSound)
SND_PlayerDeathCrash1,The highway will be filled with debris. I need to take that into account.,公路上肯定全是残骸。我得把这一点考虑进去。,语音字幕 (DTSound)
SND_PlayerDeathCrash2,"I'll need mad skills to get through the highway, with all of that chaos.",要在那么乱的路况下冲过公路，我得有点真本事。,语音字幕 (DTSound)
SND_PlayerDeathCrash3,It's a highway. There's gonna be tons of abandoned cars and accidents when I get there.,那可是高速公路。等我开上去，废弃的车和车祸肯定多得是。,语音字幕 (DTSound)
SND_PlayerDeathCrash4,"Cars, people, and chaos. That's what I must expect. I just can't crash my car out there or I'm dead.",车、人群、一片混乱，这些我都得预料到。我可不能在那种地方撞车，否则就死定了。,语音字幕 (DTSound)
SND_PlayerDeathHelicopter1,"They're going to send everything they got at me, even helicopters. That's gonna be tough.",他们会把所有能派的东西都派来对付我，连直升机都有。这会很难熬。,语音字幕 (DTSound)
SND_PlayerDeathHelicopter2,They're going to have choppers. I'll need to dodge them or destroy them. It's not going to be a walk in the park.,他们会有直升机。我得躲开它们，或者把它们打下来。这可不是闹着玩的。,语音字幕 (DTSound)
SND_PlayerDeathJet1,"If they can't stop me, they'll send bombing jets. Gotta keep that in mind.",要是拦不住我，他们就会派轰炸机来。我得记住这一点。,语音字幕 (DTSound)
SND_PlayerDeathJet2,I'm pretty sure they'll send jets if I get too far. I gotta be ready for that.,我要是跑得够远，他们肯定会派喷气机来。我得为此做好准备。,语音字幕 (DTSound)
SND_PlayerDeathMilitary1,"With the military involved, I better be prepared.",军队都出动了，我最好做好准备。,语音字幕 (DTSound)
SND_PlayerDeathMilitary2,The military will do everything they can to stop me. I must be better prepared.,军队会不惜一切代价拦下我。我得准备得更充分。,语音字幕 (DTSound)
SND_PlayerDeathMilitary3,They're gonna blast me to pieces if I let them.,要是我让他们得手，他们能把我轰成碎片。,语音字幕 (DTSound)
SND_PlayerDeathMilitary4,I know they'll bring all they got on me. Can't let them get me though.,我知道他们会把家底都拿来对付我。但我绝不能让他们抓到。,语音字幕 (DTSound)
SND_PlayerDeathNuke1,"When the shit hits the fan, they'll nuke the place. I'm sure of it. I'd better get my ass out of here as fast as I can.",一旦事情闹大，他们肯定会把这里核平。我敢肯定。我得尽快从这儿逃出去。,语音字幕 (DTSound)
SND_PlayerDeathNuke2,"Ugh. That's not gonna work. They decide to drop a nuke, I need to hop my ass out of here.",呃，这样行不通。要是他们真决定投核弹，我就得赶紧从这儿撤出来。,语音字幕 (DTSound)
SND_PlayerDeathZombie1,This is not gonna work with all those zombies.,有那么多丧尸，这样根本行不通。,语音字幕 (DTSound)
SND_PlayerDeathZombie2,These things will fill the road. I need to be more prepared.,这些东西会把路堵满。我得准备得更周全。,语音字幕 (DTSound)
SND_PlayerDeathZombie3,I bet there are tons of dead people walking around out there. I need to plan this better.,外面肯定有成群结队的死人在晃荡。我得把计划做得更好。,语音字幕 (DTSound)
SND_PlayerDeathZombie4,"Zombies. Freaking zombies, man. How can I survive this nightmare?",丧尸。该死的丧尸。我要怎么才能从这场噩梦里活下来？,语音字幕 (DTSound)
SND_PlayerDevoured01,,,语音字幕 (DTSound)
SND_PlayerDevoured02,,,语音字幕 (DTSound)
SND_PlayerDevoured03,,,语音字幕 (DTSound)
SND_PlayerExtinguishFire01,"Ah, that's better.",啊，好多了。,语音字幕 (DTSound)
SND_PlayerExtinguishFire02,Gotta be careful!,得小心点！,语音字幕 (DTSound)
SND_PlayerExtinguishFire03,That was close.,好险。,语音字幕 (DTSound)
SND_PlayerFatalBullet01,Ugh! Ugh! UGH!,,语音字幕 (DTSound)
SND_PlayerFatalBullet02,Yeah.,,语音字幕 (DTSound)
SND_PlayerFatalBullet03,Yo.,,语音字幕 (DTSound)
SND_PlayerFatalBullet04,No! No!,不！不！,语音字幕 (DTSound)
SND_PlayerFatalBullet05,Eek! Yeah.,,语音字幕 (DTSound)
SND_PlayerFatalBullet06,Ah!,,语音字幕 (DTSound)
SND_PlayerFatalBullet07,,,语音字幕 (DTSound)
SND_PlayerFatalBullet08,UGH!,,语音字幕 (DTSound)
SND_PlayerFatalBullet09,,,语音字幕 (DTSound)
SND_PlayerFatalBullet10,,,语音字幕 (DTSound)
SND_PlayerFatalBullet11,I am...,,语音字幕 (DTSound)
SND_PlayerFatalBullet12,AHH!,,语音字幕 (DTSound)
SND_PlayerFire01,This is not good.,情况不妙。,语音字幕 (DTSound)
SND_PlayerFire02,It's gonna blow!,要炸了！,语音字幕 (DTSound)
SND_PlayerFire03,I'm on fire!,我着火了！,语音字幕 (DTSound)
SND_PlayerFirstTimeInGarage,I gotta make it to the highway. It's probably my best bet to get out of the city.,我得赶到那条公路。那大概是我逃出这座城的最好机会。,语音字幕 (DTSound)
SND_PlayerGunEmpty01,"Shit, no more bullets.",妈的，没子弹了,语音字幕 (DTSound)
SND_PlayerGunEmpty02,That was the last one!,那是最后一发！,语音字幕 (DTSound)
SND_PlayerGunEmpty03,Damn it! I'm out!,该死的！打光了！,语音字幕 (DTSound)
SND_PlayerHelicopterReaction01,"Come on, let's play!",来吧，玩一玩！,语音字幕 (DTSound)
SND_PlayerHelicopterReaction02,I'm not stopping! You hear me? I'm not stopping!,我不会停的！听到了吗？我不会停！,语音字幕 (DTSound)
SND_PlayerHelicopterReaction03,"Shit, this is intense.",妈的，这场面真刺激。,语音字幕 (DTSound)
SND_PlayerHelicopterReaction04,No way! I'm not stopping for these chumps!,想都别想！我才不会为这帮蠢货停车！,语音字幕 (DTSound)
SND_PlayerHelicopterReaction05,A freaking helicopter?,他妈的还有直升机？,语音字幕 (DTSound)
SND_PlayerHelicopterReaction06,You've gotta be kidding me!,你他妈在逗我！,语音字幕 (DTSound)
SND_PlayerHitCiv01,You bunch of Yo-Yo's!,你们这帮蠢货！,语音字幕 (DTSound)
SND_PlayerHitCiv02,Shit!,妈的！,语音字幕 (DTSound)
SND_PlayerHitCiv03,Shit!,妈的！,语音字幕 (DTSound)
SND_PlayerHitCiv04,DAMMIT!,该死的！,语音字幕 (DTSound)
SND_PlayerHitCiv05,Open your freaking eyes!,把眼睛睁开行不行！,语音字幕 (DTSound)
SND_PlayerHitCiv06,Get out of the damn way!,别挡道！,语音字幕 (DTSound)
SND_PlayerHitCiv07,UGH! SORRY!,呃！对不住了！,语音字幕 (DTSound)
SND_PlayerHitEnemy01,In your face!,吃瘪吧！,语音字幕 (DTSound)
SND_PlayerHitEnemy02,Boom!,轰！,语音字幕 (DTSound)
SND_PlayerHitEnemy03,That's gotta hurt.,这下够疼吧。,语音字幕 (DTSound)
SND_PlayerHitEnemy04,OO!,噢！,语音字幕 (DTSound)
SND_PlayerHitEnemy05,Eat this!,吃这个！,语音字幕 (DTSound)
SND_PlayerHitEnemy06,Take that!,接着！,语音字幕 (DTSound)
SND_PlayerHitEnemy07,Woo-hoo!,呜呼！,语音字幕 (DTSound)
SND_PlayerHitEnemy08,Ha ha ha!,哈哈哈！,语音字幕 (DTSound)
SND_PlayerHoodEnemyReaction01,Get off my hood!,从我引擎盖上滚下去！,语音字幕 (DTSound)
SND_PlayerHoodEnemyReaction02,"Oh, hell no!",哦，想得美！,语音字幕 (DTSound)
SND_PlayerHoodEnemyReaction03,"Aw, dammit!",啊，该死的！,语音字幕 (DTSound)
SND_PlayerHoodEnemyReaction04,"You think you're gonna get me, huh?",你以为你能抓到我，是吗？,语音字幕 (DTSound)
SND_PlayerHoodEnemyReaction05,You won't stop me!,你拦不住我！,语音字幕 (DTSound)
SND_PlayerHoodEnemyReaction06,"Get off my car, jackass!",从我车上滚下去，混蛋！,语音字幕 (DTSound)
SND_PlayerJetReaction01,"Damn, they're pissed.",该死，他们动真格了。,语音字幕 (DTSound)
SND_PlayerJetReaction02,"Jets, this is bad.",战机，这下糟了。,语音字幕 (DTSound)
SND_PlayerJetReaction03,Carpet bombing! Crazy bastards!,地毯式轰炸！这帮疯子！,语音字幕 (DTSound)
SND_PlayerJetReaction04,"Shit, they're insane!",妈的，他们疯了！,语音字幕 (DTSound)
SND_PlayerJetReaction05,Wow!,哇！,语音字幕 (DTSound)
SND_PlayerNoAmmo01,It's empty!,空了！,语音字幕 (DTSound)
SND_PlayerNoAmmo02,"Damn, out of ammo!",该死，没弹药了！,语音字幕 (DTSound)
SND_PlayerNoAmmo03,I don't have any more bullets!,我没有子弹了！,语音字幕 (DTSound)
SND_PlayerNoGun01,Damn it! I didn't bring a gun!,该死的！我没带枪！,语音字幕 (DTSound)
SND_PlayerNoGun02,I don't have a freaking gun!,我他妈没枪！,语音字幕 (DTSound)
SND_PlayerNoGun03,I could use a gun right now.,这时候真需要一把枪！,语音字幕 (DTSound)
SND_PlayerPreciseHit01,Boom! Headshot!,轰！爆头！,语音字幕 (DTSound)
SND_PlayerPreciseHit02,Hell yeah!,太爽了！,语音字幕 (DTSound)
SND_PlayerPreciseHit03,"Yeah, nice!",好，漂亮！,语音字幕 (DTSound)
SND_PlayerShootHoodEnemy01,OFF OF MY CAR!,从我车上滚下去！,语音字幕 (DTSound)
SND_PlayerShootHoodEnemy02,GET OFF!,滚开！,语音字幕 (DTSound)
SND_PlayerShootHoodEnemy03,Choke on this!,噎死你！,语音字幕 (DTSound)
SND_PlayerShootHoodEnemy04,YOU DESERVE THAT!,这是你自找的！,语音字幕 (DTSound)
SND_PlayerShootHoodEnemy05,OPEN WIDE!,把嘴张大！,语音字幕 (DTSound)
SND_PlayerShootHoodEnemy06,"Get off my car, jackass!",从我车上滚下去，混蛋！,语音字幕 (DTSound)
SND_PlayerShootHoodEnemy07,"Smile, baby!",笑一个，宝贝！,语音字幕 (DTSound)
SND_PlayerShootHoodEnemy08,HOW DO YOU LIKE THAT?!,这滋味怎么样？！,语音字幕 (DTSound)
SND_PlayerShootHoodEnemy09,Yee-haw!,耶哈！,语音字幕 (DTSound)
SND_PlayerShootHoodEnemy10,EAT THIS!,吃这个！,语音字幕 (DTSound)
SND_PlayerShootHoodEnemy11,Get off my hood!,从我引擎盖上滚下去！,语音字幕 (DTSound)
SND_PlayerUpgradeBodyArmor1,The military is shoot to kill. I need to be smart about this.,军队是格杀勿论的。我得聪明点。,语音字幕 (DTSound)
SND_PlayerUpgradeBodyArmor2,I'll need a better vest if I run into more of those trigger-happy bastards.,要是再碰上那帮动不动就开枪的混蛋，我得有件更好的防弹衣。,语音字幕 (DTSound)
SND_PlayerUpgradeBodyArmor3,Damn helicopters are still shredding me to pieces. This'll give me a chance.,该死的直升机还在把我打成碎片。这个能让我多一线生机。,语音字幕 (DTSound)
SND_PlayerUpgradeBumper1,The streets will be chaotic. I need to get through.,街上会一片混乱。我得冲过去。,语音字幕 (DTSound)
SND_PlayerUpgradeBumper2,"With this beast, they'd better get out of my way.",有了这头猛兽，他们最好给我让路。,语音字幕 (DTSound)
SND_PlayerUpgradeBumper3,Now I'm Murder on Wheels.,现在我就是马路上的杀人机器。,语音字幕 (DTSound)
SND_PlayerUpgradeEngine1,A faster car is a faster escape.,车越快，逃得越快。,语音字幕 (DTSound)
SND_PlayerUpgradeEngine2,Going to need more power to get through all the carnage.,想穿过这片血肉屠场，得需要更大的马力。,语音字幕 (DTSound)
SND_PlayerUpgradeEngine3,Best damn engine I got here. This'll get me outta here fast.,这是我这儿最好的引擎了。能让我飞快地离开这儿。,语音字幕 (DTSound)
SND_PlayerUpgradeFirearm1,For close encounters.,近距离遭遇战用得上。,语音字幕 (DTSound)
SND_PlayerUpgradeFirearm2,Gonna need more ammo for sure.,肯定需要更多弹药。,语音字幕 (DTSound)
SND_PlayerUpgradeFirearm3,Better go fully loaded. There will be a lot of resistance. Dead and alive.,最好装满了再上路。会有很多阻力。死的和活的都有。,语音字幕 (DTSound)
SND_PlayerUpgradeHorn1,Panic in the streets. I need to get them out of the way.,街上人心惶惶。我得让他们让开。,语音字幕 (DTSound)
SND_PlayerUpgradeHorn2,I will not stop. I can't. They need to hear me coming.,我不会停。我不能停。他们必须听见我来了。,语音字幕 (DTSound)
SND_PlayerUpgradeHorn3,This will scare off everyone and attract those things.,这能吓跑所有人，也会把那些东西引过来。,语音字幕 (DTSound)
SND_PlayerUpgradePerception1,I need to focus.,我需要集中精神。,语音字幕 (DTSound)
SND_PlayerUpgradePerception2,Gotta stay alert and stay alive.,得保持警觉，才能活下来。,语音字幕 (DTSound)
SND_PlayerUpgradePerception3,I must see everything to survive this hell.,想在这地狱里活命，我必须看清一切。,语音字幕 (DTSound)
SND_PlayerUpgradeTires1,The road will be full of stuff. These wheels should make it easier.,路上会全是杂物。这些轮胎应该能让它好走些。,语音字幕 (DTSound)
SND_PlayerUpgradeTires2,Better handling and resistance. That's good.,更好的操控和抓地。不错。,语音字幕 (DTSound)
SND_PlayerUpgradeTires3,Tough as hell and really sticky. These tires will definitely help.,结实得要命，抓地力还特别强。这些轮胎绝对管用。,语音字幕 (DTSound)
SND_PlayerUpgradeWindshield1,This is all that stands between me and hell.,这就是我和地狱之间仅剩的屏障。,语音字幕 (DTSound)
SND_PlayerUpgradeWindshield2,That should help against whatever tries to smash its way in.,不管什么东西想砸进来，这都能顶一阵。,语音字幕 (DTSound)
SND_PlayerUpgradeWindshield3,Fully reinforced glass. That should stop them for a while.,全强化玻璃。应该能挡它们一阵子。,语音字幕 (DTSound)
SND_SoldierGetOff01,Fuck's sake!,搞什么鬼！,语音字幕 (DTSound)
SND_SoldierGetOff02,"Ah, shit!",啊，该死！,语音字幕 (DTSound)
SND_SoldierGetOff03,,,语音字幕 (DTSound)
SND_SoldierGetOff04,Son of a bitch!,狗娘养的！,语音字幕 (DTSound)
SND_SoldierGetOff05,"Oh, damn it!",哦，该死的！,语音字幕 (DTSound)
SND_SoldierGetOff06,Mama!,妈呀！,语音字幕 (DTSound)
SND_SoldierThreat01,Stop the car!,停车！,语音字幕 (DTSound)
SND_SoldierThreat02,"Stop the car, you son of a bitch!",停车，你这狗娘养的！,语音字幕 (DTSound)
SND_SoldierThreat03,I'm gonna kill you!,我要杀了你！,语音字幕 (DTSound)
SND_SoldierThreat04,"You're a dead man, you know that?",你是个死人了，知道吗？,语音字幕 (DTSound)
SND_SoldierThreat05,"When I stop this car, you're going down, dirtbag!",等我拦下这辆车，你就完了，人渣！,语音字幕 (DTSound)
SND_SoldierThreat06,STOP THE CAR!,停车！,语音字幕 (DTSound)
SND_SoldierThreat07,"You're wasting your time, you piece of shit!",你在浪费时间，你这坨狗屎！,语音字幕 (DTSound)
SND_SoldierThreat08,I'm gonna enjoy ripping your face off!,撕烂你的脸我会很享受的！,语音字幕 (DTSound)
SND_UpgradeBodyArmor,,,语音字幕 (DTSound)
SND_UpgradeBumper1,,,语音字幕 (DTSound)
SND_UpgradeBumper2,,,语音字幕 (DTSound)
SND_UpgradeBumper3,,,语音字幕 (DTSound)
SND_UpgradeEngine0,,,语音字幕 (DTSound)
SND_UpgradeEngine1,,,语音字幕 (DTSound)
SND_UpgradeEngine2,,,语音字幕 (DTSound)
SND_UpgradeEngine3,,,语音字幕 (DTSound)
SND_UpgradeFirearm,,,语音字幕 (DTSound)
SND_UpgradeFirearmBullet,,,语音字幕 (DTSound)
SND_UpgradeHorn1,,,语音字幕 (DTSound)
SND_UpgradeHorn2,,,语音字幕 (DTSound)
SND_UpgradeHorn3,,,语音字幕 (DTSound)
SND_UpgradePerception,,,语音字幕 (DTSound)
SND_UpgradeTire,,,语音字幕 (DTSound)
SND_UpgradeWindshield,,,语音字幕 (DTSound)
