stream_01,You made it! Step in and cover the west side!,你们赶到了！快上来，把西面守住！！,stream
stream_03,No! No! Noooo!,不！不！不——！,stream
stream_04,Fuck!,操！,stream
stream_05,Shit!,该死！,stream
stream_07,Shit!,该死！,stream
stream_08,Fuck!,操！,stream
stream_13,"Come on, let's go!",快走，我们上！,stream
stream_14,Move it!,快点！,stream
stream_15,Y-yeah!,是……是！,stream
stream_17,Go! Go! Go! Head on!,走！走！走！起飞！,stream
stream_18,Away from the impact point!,远离核爆点！,stream
stream_20,Brace yourselves!,做好应对冲击！,stream
stream_24,Detonation confirmed!,确认引爆！,stream
stream_26,"Radiations are still too high, sir.",长官，辐射还是太高。,stream
stream_27,Status ETA: 10 seconds.,预计10秒后更新状态,stream
stream_29,"No! Sir, we see a lot of undead movement. Shit! It didn't work! It didn't work!",不！长官，我们发现大量尸群还在移动。该死！核弹没生效！核弹根本没生效！,stream
stream_30,"Sir, we're being overrun! Mitch, hold that door! We're not gonna last much! Hold that door! Mitch! Fuck!",长官，我们顶不住了！米奇，守住那扇门！我们要撑不了多久了！守住那道门！米奇！操！,stream
stream_31,General!,将军！,stream
stream_32,General! I lost contact with most of my men. We have a downtown crowd coming east.,将军！我和我手底下的大部分人都失联了，目前情况是市中心有一大批尸潮正在向我们接近,stream
stream_33,And an army coming west from Senoia. And massive fires raging through the city.,还有一支大军从塞诺亚往西撤离。现在城市到处都是大火烈焰升腾！,stream
stream_34,Jackson! Five heads! Nine o'clock!,杰克逊！五只丧尸！在你的九点钟方向！,stream
stream_35,"Seems like a great time to get the hell out of here, sir. What are your orders?",长官，现在看来是最佳撤离出城市的机会，命令是什么？,stream
stream_36,"Yes, sir! Come on! Come on! We're moving out!",是，长官！快！快！我们撤！,stream
stream_37,"About 450 miles, sir!",大约还能再飞450英里，长官！,stream
stream_38,"Yes, sir!",是，长官！,stream
stream_39,"Yes, sir! We'll be there!",是，长官！我们会赶到那的！,stream
stream_40,"It's not over, people!",兄弟们，这一切还没结束！,stream
stream_41,To be continued...,未完待续……,stream
stream_42,To be continued...,未完待续……,stream
